path,raises_exception
../dataset_generation/kaggle_dataset/0/189.jpg,True
../dataset_generation/kaggle_dataset/0/162.jpg,True
../dataset_generation/kaggle_dataset/0/176.jpg,True
../dataset_generation/kaggle_dataset/0/610.jpg,True
../dataset_generation/kaggle_dataset/0/360.jpg,True
../dataset_generation/kaggle_dataset/0/406.jpg,True
../dataset_generation/kaggle_dataset/0/412.jpg,True
../dataset_generation/kaggle_dataset/0/374.jpg,True
../dataset_generation/kaggle_dataset/0/599.jpg,True
../dataset_generation/kaggle_dataset/0/214.jpg,True
../dataset_generation/kaggle_dataset/0/566.jpg,True
../dataset_generation/kaggle_dataset/0/200.jpg,True
../dataset_generation/kaggle_dataset/0/016.jpg,True
../dataset_generation/kaggle_dataset/0/002.jpg,True
../dataset_generation/kaggle_dataset/0/003.jpg,True
../dataset_generation/kaggle_dataset/0/017.jpg,True
../dataset_generation/kaggle_dataset/0/567.jpg,True
../dataset_generation/kaggle_dataset/0/201.jpg,True
../dataset_generation/kaggle_dataset/0/215.jpg,True
../dataset_generation/kaggle_dataset/0/573.jpg,True
../dataset_generation/kaggle_dataset/0/413.jpg,True
../dataset_generation/kaggle_dataset/0/375.jpg,True
../dataset_generation/kaggle_dataset/0/361.jpg,True
../dataset_generation/kaggle_dataset/0/177.jpg,True
../dataset_generation/kaggle_dataset/0/611.jpg,True
../dataset_generation/kaggle_dataset/0/163.jpg,True
../dataset_generation/kaggle_dataset/0/639.jpg,True
../dataset_generation/kaggle_dataset/0/188.jpg,True
../dataset_generation/kaggle_dataset/0/149.jpg,True
../dataset_generation/kaggle_dataset/0/175.jpg,True
../dataset_generation/kaggle_dataset/0/161.jpg,True
../dataset_generation/kaggle_dataset/0/607.jpg,True
../dataset_generation/kaggle_dataset/0/388.jpg,True
../dataset_generation/kaggle_dataset/0/411.jpg,True
../dataset_generation/kaggle_dataset/0/405.jpg,True
../dataset_generation/kaggle_dataset/0/363.jpg,True
../dataset_generation/kaggle_dataset/0/559.jpg,True
../dataset_generation/kaggle_dataset/0/203.jpg,True
../dataset_generation/kaggle_dataset/0/565.jpg,True
../dataset_generation/kaggle_dataset/0/217.jpg,True
../dataset_generation/kaggle_dataset/0/029.jpg,True
../dataset_generation/kaggle_dataset/0/001.jpg,True
../dataset_generation/kaggle_dataset/0/015.jpg,True
../dataset_generation/kaggle_dataset/0/014.jpg,True
../dataset_generation/kaggle_dataset/0/028.jpg,True
../dataset_generation/kaggle_dataset/0/570.jpg,True
../dataset_generation/kaggle_dataset/0/216.jpg,True
../dataset_generation/kaggle_dataset/0/202.jpg,True
../dataset_generation/kaggle_dataset/0/564.jpg,True
../dataset_generation/kaggle_dataset/0/404.jpg,True
../dataset_generation/kaggle_dataset/0/376.jpg,True
../dataset_generation/kaggle_dataset/0/410.jpg,True
../dataset_generation/kaggle_dataset/0/438.jpg,True
../dataset_generation/kaggle_dataset/0/606.jpg,True
../dataset_generation/kaggle_dataset/0/174.jpg,True
../dataset_generation/kaggle_dataset/0/148.jpg,True
../dataset_generation/kaggle_dataset/0/170.jpg,True
../dataset_generation/kaggle_dataset/0/616.jpg,True
../dataset_generation/kaggle_dataset/0/602.jpg,True
../dataset_generation/kaggle_dataset/0/164.jpg,True
../dataset_generation/kaggle_dataset/0/399.jpg,True
../dataset_generation/kaggle_dataset/0/414.jpg,True
../dataset_generation/kaggle_dataset/0/372.jpg,True
../dataset_generation/kaggle_dataset/0/400.jpg,True
../dataset_generation/kaggle_dataset/0/428.jpg,True
../dataset_generation/kaggle_dataset/0/206.jpg,True
../dataset_generation/kaggle_dataset/0/212.jpg,True
../dataset_generation/kaggle_dataset/0/574.jpg,True
../dataset_generation/kaggle_dataset/0/548.jpg,True
../dataset_generation/kaggle_dataset/0/004.jpg,True
../dataset_generation/kaggle_dataset/0/010.jpg,True
../dataset_generation/kaggle_dataset/0/038.jpg,True
../dataset_generation/kaggle_dataset/0/039.jpg,True
../dataset_generation/kaggle_dataset/0/011.jpg,True
../dataset_generation/kaggle_dataset/0/005.jpg,True
../dataset_generation/kaggle_dataset/0/575.jpg,True
../dataset_generation/kaggle_dataset/0/561.jpg,True
../dataset_generation/kaggle_dataset/0/207.jpg,True
../dataset_generation/kaggle_dataset/0/367.jpg,True
../dataset_generation/kaggle_dataset/0/401.jpg,True
../dataset_generation/kaggle_dataset/0/415.jpg,True
../dataset_generation/kaggle_dataset/0/373.jpg,True
../dataset_generation/kaggle_dataset/0/603.jpg,True
../dataset_generation/kaggle_dataset/0/198.jpg,True
../dataset_generation/kaggle_dataset/0/167.jpg,True
../dataset_generation/kaggle_dataset/0/173.jpg,True
../dataset_generation/kaggle_dataset/0/629.jpg,True
../dataset_generation/kaggle_dataset/0/403.jpg,True
../dataset_generation/kaggle_dataset/0/365.jpg,True
../dataset_generation/kaggle_dataset/0/371.jpg,True
../dataset_generation/kaggle_dataset/0/417.jpg,True
../dataset_generation/kaggle_dataset/0/577.jpg,True
../dataset_generation/kaggle_dataset/0/211.jpg,True
../dataset_generation/kaggle_dataset/0/205.jpg,True
../dataset_generation/kaggle_dataset/0/563.jpg,True
../dataset_generation/kaggle_dataset/0/239.jpg,True
../dataset_generation/kaggle_dataset/0/013.jpg,True
../dataset_generation/kaggle_dataset/0/007.jpg,True
../dataset_generation/kaggle_dataset/0/006.jpg,True
../dataset_generation/kaggle_dataset/0/012.jpg,True
../dataset_generation/kaggle_dataset/0/238.jpg,True
../dataset_generation/kaggle_dataset/0/204.jpg,True
../dataset_generation/kaggle_dataset/0/562.jpg,True
../dataset_generation/kaggle_dataset/0/576.jpg,True
../dataset_generation/kaggle_dataset/0/210.jpg,True
../dataset_generation/kaggle_dataset/0/358.jpg,True
../dataset_generation/kaggle_dataset/0/370.jpg,True
../dataset_generation/kaggle_dataset/0/416.jpg,True
../dataset_generation/kaggle_dataset/0/364.jpg,True
../dataset_generation/kaggle_dataset/0/614.jpg,True
../dataset_generation/kaggle_dataset/0/172.jpg,True
../dataset_generation/kaggle_dataset/0/166.jpg,True
../dataset_generation/kaggle_dataset/0/199.jpg,True
../dataset_generation/kaggle_dataset/0/129.jpg,True
../dataset_generation/kaggle_dataset/0/101.jpg,True
../dataset_generation/kaggle_dataset/0/115.jpg,True
../dataset_generation/kaggle_dataset/0/459.jpg,True
../dataset_generation/kaggle_dataset/0/303.jpg,True
../dataset_generation/kaggle_dataset/0/471.jpg,True
../dataset_generation/kaggle_dataset/0/288.jpg,True
../dataset_generation/kaggle_dataset/0/539.jpg,True
../dataset_generation/kaggle_dataset/0/263.jpg,True
../dataset_generation/kaggle_dataset/0/049.jpg,True
../dataset_generation/kaggle_dataset/0/075.jpg,True
../dataset_generation/kaggle_dataset/0/061.jpg,True
../dataset_generation/kaggle_dataset/0/060.jpg,True
../dataset_generation/kaggle_dataset/0/074.jpg,True
../dataset_generation/kaggle_dataset/0/048.jpg,True
../dataset_generation/kaggle_dataset/0/262.jpg,True
../dataset_generation/kaggle_dataset/0/504.jpg,True
../dataset_generation/kaggle_dataset/0/510.jpg,True
../dataset_generation/kaggle_dataset/0/276.jpg,True
../dataset_generation/kaggle_dataset/0/538.jpg,True
../dataset_generation/kaggle_dataset/0/316.jpg,True
../dataset_generation/kaggle_dataset/0/470.jpg,True
../dataset_generation/kaggle_dataset/0/464.jpg,True
../dataset_generation/kaggle_dataset/0/302.jpg,True
../dataset_generation/kaggle_dataset/0/114.jpg,True
../dataset_generation/kaggle_dataset/0/100.jpg,True
../dataset_generation/kaggle_dataset/0/128.jpg,True
../dataset_generation/kaggle_dataset/0/102.jpg,True
../dataset_generation/kaggle_dataset/0/499.jpg,True
../dataset_generation/kaggle_dataset/0/328.jpg,True
../dataset_generation/kaggle_dataset/0/472.jpg,True
../dataset_generation/kaggle_dataset/0/314.jpg,True
../dataset_generation/kaggle_dataset/0/466.jpg,True
../dataset_generation/kaggle_dataset/0/248.jpg,True
../dataset_generation/kaggle_dataset/0/260.jpg,True
../dataset_generation/kaggle_dataset/0/274.jpg,True
../dataset_generation/kaggle_dataset/0/089.jpg,True
../dataset_generation/kaggle_dataset/0/062.jpg,True
../dataset_generation/kaggle_dataset/0/077.jpg,True
../dataset_generation/kaggle_dataset/0/063.jpg,True
../dataset_generation/kaggle_dataset/0/088.jpg,True
../dataset_generation/kaggle_dataset/0/275.jpg,True
../dataset_generation/kaggle_dataset/0/513.jpg,True
../dataset_generation/kaggle_dataset/0/261.jpg,True
../dataset_generation/kaggle_dataset/0/249.jpg,True
../dataset_generation/kaggle_dataset/0/467.jpg,True
../dataset_generation/kaggle_dataset/0/473.jpg,True
../dataset_generation/kaggle_dataset/0/315.jpg,True
../dataset_generation/kaggle_dataset/0/329.jpg,True
../dataset_generation/kaggle_dataset/0/498.jpg,True
../dataset_generation/kaggle_dataset/0/103.jpg,True
../dataset_generation/kaggle_dataset/0/117.jpg,True
../dataset_generation/kaggle_dataset/0/113.jpg,True
../dataset_generation/kaggle_dataset/0/107.jpg,True
../dataset_generation/kaggle_dataset/0/649.jpg,True
../dataset_generation/kaggle_dataset/0/488.jpg,True
../dataset_generation/kaggle_dataset/0/311.jpg,True
../dataset_generation/kaggle_dataset/0/477.jpg,True
../dataset_generation/kaggle_dataset/0/463.jpg,True
../dataset_generation/kaggle_dataset/0/339.jpg,True
../dataset_generation/kaggle_dataset/0/265.jpg,True
../dataset_generation/kaggle_dataset/0/503.jpg,True
../dataset_generation/kaggle_dataset/0/517.jpg,True
../dataset_generation/kaggle_dataset/0/271.jpg,True
../dataset_generation/kaggle_dataset/0/259.jpg,True
../dataset_generation/kaggle_dataset/0/098.jpg,True
../dataset_generation/kaggle_dataset/0/067.jpg,True
../dataset_generation/kaggle_dataset/0/073.jpg,True
../dataset_generation/kaggle_dataset/0/066.jpg,True
../dataset_generation/kaggle_dataset/0/099.jpg,True
../dataset_generation/kaggle_dataset/0/258.jpg,True
../dataset_generation/kaggle_dataset/0/264.jpg,True
../dataset_generation/kaggle_dataset/0/502.jpg,True
../dataset_generation/kaggle_dataset/0/338.jpg,True
../dataset_generation/kaggle_dataset/0/462.jpg,True
../dataset_generation/kaggle_dataset/0/310.jpg,True
../dataset_generation/kaggle_dataset/0/476.jpg,True
../dataset_generation/kaggle_dataset/0/489.jpg,True
../dataset_generation/kaggle_dataset/0/106.jpg,True
../dataset_generation/kaggle_dataset/0/112.jpg,True
../dataset_generation/kaggle_dataset/0/104.jpg,True
../dataset_generation/kaggle_dataset/0/460.jpg,True
../dataset_generation/kaggle_dataset/0/448.jpg,True
../dataset_generation/kaggle_dataset/0/299.jpg,True
../dataset_generation/kaggle_dataset/0/272.jpg,True
../dataset_generation/kaggle_dataset/0/500.jpg,True
../dataset_generation/kaggle_dataset/0/266.jpg,True
../dataset_generation/kaggle_dataset/0/070.jpg,True
../dataset_generation/kaggle_dataset/0/064.jpg,True
../dataset_generation/kaggle_dataset/0/058.jpg,True
../dataset_generation/kaggle_dataset/0/059.jpg,True
../dataset_generation/kaggle_dataset/0/065.jpg,True
../dataset_generation/kaggle_dataset/0/071.jpg,True
../dataset_generation/kaggle_dataset/0/529.jpg,True
../dataset_generation/kaggle_dataset/0/501.jpg,True
../dataset_generation/kaggle_dataset/0/267.jpg,True
../dataset_generation/kaggle_dataset/0/298.jpg,True
../dataset_generation/kaggle_dataset/0/449.jpg,True
../dataset_generation/kaggle_dataset/0/475.jpg,True
../dataset_generation/kaggle_dataset/0/313.jpg,True
../dataset_generation/kaggle_dataset/0/307.jpg,True
../dataset_generation/kaggle_dataset/0/461.jpg,True
../dataset_generation/kaggle_dataset/0/139.jpg,True
../dataset_generation/kaggle_dataset/0/111.jpg,True
../dataset_generation/kaggle_dataset/0/105.jpg,True
../dataset_generation/kaggle_dataset/0/108.jpg,True
../dataset_generation/kaggle_dataset/0/120.jpg,True
../dataset_generation/kaggle_dataset/0/134.jpg,True
../dataset_generation/kaggle_dataset/0/487.jpg,True
../dataset_generation/kaggle_dataset/0/493.jpg,True
../dataset_generation/kaggle_dataset/0/478.jpg,True
../dataset_generation/kaggle_dataset/0/444.jpg,True
../dataset_generation/kaggle_dataset/0/450.jpg,True
../dataset_generation/kaggle_dataset/0/295.jpg,True
../dataset_generation/kaggle_dataset/0/281.jpg,True
../dataset_generation/kaggle_dataset/0/518.jpg,True
../dataset_generation/kaggle_dataset/0/530.jpg,True
../dataset_generation/kaggle_dataset/0/256.jpg,True
../dataset_generation/kaggle_dataset/0/242.jpg,True
../dataset_generation/kaggle_dataset/0/083.jpg,True
../dataset_generation/kaggle_dataset/0/068.jpg,True
../dataset_generation/kaggle_dataset/0/054.jpg,True
../dataset_generation/kaggle_dataset/0/040.jpg,True
../dataset_generation/kaggle_dataset/0/055.jpg,True
../dataset_generation/kaggle_dataset/0/082.jpg,True
../dataset_generation/kaggle_dataset/0/096.jpg,True
../dataset_generation/kaggle_dataset/0/243.jpg,True
../dataset_generation/kaggle_dataset/0/525.jpg,True
../dataset_generation/kaggle_dataset/0/531.jpg,True
../dataset_generation/kaggle_dataset/0/257.jpg,True
../dataset_generation/kaggle_dataset/0/280.jpg,True
../dataset_generation/kaggle_dataset/0/451.jpg,True
../dataset_generation/kaggle_dataset/0/445.jpg,True
../dataset_generation/kaggle_dataset/0/323.jpg,True
../dataset_generation/kaggle_dataset/0/479.jpg,True
../dataset_generation/kaggle_dataset/0/492.jpg,True
../dataset_generation/kaggle_dataset/0/135.jpg,True
../dataset_generation/kaggle_dataset/0/121.jpg,True
../dataset_generation/kaggle_dataset/0/109.jpg,True
../dataset_generation/kaggle_dataset/0/137.jpg,True
../dataset_generation/kaggle_dataset/0/123.jpg,True
../dataset_generation/kaggle_dataset/0/484.jpg,True
../dataset_generation/kaggle_dataset/0/309.jpg,True
../dataset_generation/kaggle_dataset/0/453.jpg,True
../dataset_generation/kaggle_dataset/0/335.jpg,True
../dataset_generation/kaggle_dataset/0/321.jpg,True
../dataset_generation/kaggle_dataset/0/447.jpg,True
../dataset_generation/kaggle_dataset/0/282.jpg,True
../dataset_generation/kaggle_dataset/0/296.jpg,True
../dataset_generation/kaggle_dataset/0/527.jpg,True
../dataset_generation/kaggle_dataset/0/255.jpg,True
../dataset_generation/kaggle_dataset/0/080.jpg,True
../dataset_generation/kaggle_dataset/0/043.jpg,True
../dataset_generation/kaggle_dataset/0/057.jpg,True
../dataset_generation/kaggle_dataset/0/056.jpg,True
../dataset_generation/kaggle_dataset/0/042.jpg,True
../dataset_generation/kaggle_dataset/0/095.jpg,True
../dataset_generation/kaggle_dataset/0/081.jpg,True
../dataset_generation/kaggle_dataset/0/254.jpg,True
../dataset_generation/kaggle_dataset/0/526.jpg,True
../dataset_generation/kaggle_dataset/0/268.jpg,True
../dataset_generation/kaggle_dataset/0/297.jpg,True
../dataset_generation/kaggle_dataset/0/320.jpg,True
../dataset_generation/kaggle_dataset/0/446.jpg,True
../dataset_generation/kaggle_dataset/0/452.jpg,True
../dataset_generation/kaggle_dataset/0/334.jpg,True
../dataset_generation/kaggle_dataset/0/308.jpg,True
../dataset_generation/kaggle_dataset/0/485.jpg,True
../dataset_generation/kaggle_dataset/0/491.jpg,True
../dataset_generation/kaggle_dataset/0/122.jpg,True
../dataset_generation/kaggle_dataset/0/136.jpg,True
../dataset_generation/kaggle_dataset/0/132.jpg,True
../dataset_generation/kaggle_dataset/0/126.jpg,True
../dataset_generation/kaggle_dataset/0/495.jpg,True
../dataset_generation/kaggle_dataset/0/481.jpg,True
../dataset_generation/kaggle_dataset/0/456.jpg,True
../dataset_generation/kaggle_dataset/0/324.jpg,True
../dataset_generation/kaggle_dataset/0/318.jpg,True
../dataset_generation/kaggle_dataset/0/287.jpg,True
../dataset_generation/kaggle_dataset/0/244.jpg,True
../dataset_generation/kaggle_dataset/0/522.jpg,True
../dataset_generation/kaggle_dataset/0/536.jpg,True
../dataset_generation/kaggle_dataset/0/250.jpg,True
../dataset_generation/kaggle_dataset/0/085.jpg,True
../dataset_generation/kaggle_dataset/0/091.jpg,True
../dataset_generation/kaggle_dataset/0/046.jpg,True
../dataset_generation/kaggle_dataset/0/052.jpg,True
../dataset_generation/kaggle_dataset/0/053.jpg,True
../dataset_generation/kaggle_dataset/0/047.jpg,True
../dataset_generation/kaggle_dataset/0/090.jpg,True
../dataset_generation/kaggle_dataset/0/084.jpg,True
../dataset_generation/kaggle_dataset/0/279.jpg,True
../dataset_generation/kaggle_dataset/0/537.jpg,True
../dataset_generation/kaggle_dataset/0/251.jpg,True
../dataset_generation/kaggle_dataset/0/292.jpg,True
../dataset_generation/kaggle_dataset/0/319.jpg,True
../dataset_generation/kaggle_dataset/0/443.jpg,True
../dataset_generation/kaggle_dataset/0/325.jpg,True
../dataset_generation/kaggle_dataset/0/331.jpg,True
../dataset_generation/kaggle_dataset/0/494.jpg,True
../dataset_generation/kaggle_dataset/0/127.jpg,True
../dataset_generation/kaggle_dataset/0/133.jpg,True
../dataset_generation/kaggle_dataset/0/643.jpg,True
../dataset_generation/kaggle_dataset/0/125.jpg,True
../dataset_generation/kaggle_dataset/0/131.jpg,True
../dataset_generation/kaggle_dataset/0/119.jpg,True
../dataset_generation/kaggle_dataset/0/482.jpg,True
../dataset_generation/kaggle_dataset/0/455.jpg,True
../dataset_generation/kaggle_dataset/0/333.jpg,True
../dataset_generation/kaggle_dataset/0/469.jpg,True
../dataset_generation/kaggle_dataset/0/290.jpg,True
../dataset_generation/kaggle_dataset/0/253.jpg,True
../dataset_generation/kaggle_dataset/0/535.jpg,True
../dataset_generation/kaggle_dataset/0/521.jpg,True
../dataset_generation/kaggle_dataset/0/509.jpg,True
../dataset_generation/kaggle_dataset/0/092.jpg,True
../dataset_generation/kaggle_dataset/0/051.jpg,True
../dataset_generation/kaggle_dataset/0/045.jpg,True
../dataset_generation/kaggle_dataset/0/079.jpg,True
../dataset_generation/kaggle_dataset/0/078.jpg,True
../dataset_generation/kaggle_dataset/0/044.jpg,True
../dataset_generation/kaggle_dataset/0/520.jpg,True
../dataset_generation/kaggle_dataset/0/252.jpg,True
../dataset_generation/kaggle_dataset/0/534.jpg,True
../dataset_generation/kaggle_dataset/0/291.jpg,True
../dataset_generation/kaggle_dataset/0/454.jpg,True
../dataset_generation/kaggle_dataset/0/332.jpg,True
../dataset_generation/kaggle_dataset/0/326.jpg,True
../dataset_generation/kaggle_dataset/0/497.jpg,True
../dataset_generation/kaggle_dataset/0/483.jpg,True
../dataset_generation/kaggle_dataset/0/118.jpg,True
../dataset_generation/kaggle_dataset/0/130.jpg,True
../dataset_generation/kaggle_dataset/0/642.jpg,True
../dataset_generation/kaggle_dataset/0/124.jpg,True
../dataset_generation/kaggle_dataset/0/194.jpg,True
../dataset_generation/kaggle_dataset/0/625.jpg,True
../dataset_generation/kaggle_dataset/0/143.jpg,True
../dataset_generation/kaggle_dataset/0/157.jpg,True
../dataset_generation/kaggle_dataset/0/396.jpg,True
../dataset_generation/kaggle_dataset/0/369.jpg,True
../dataset_generation/kaggle_dataset/0/341.jpg,True
../dataset_generation/kaggle_dataset/0/427.jpg,True
../dataset_generation/kaggle_dataset/0/355.jpg,True
../dataset_generation/kaggle_dataset/0/590.jpg,True
../dataset_generation/kaggle_dataset/0/209.jpg,True
../dataset_generation/kaggle_dataset/0/235.jpg,True
../dataset_generation/kaggle_dataset/0/553.jpg,True
../dataset_generation/kaggle_dataset/0/547.jpg,True
../dataset_generation/kaggle_dataset/0/221.jpg,True
../dataset_generation/kaggle_dataset/0/023.jpg,True
../dataset_generation/kaggle_dataset/0/022.jpg,True
../dataset_generation/kaggle_dataset/0/546.jpg,True
../dataset_generation/kaggle_dataset/0/220.jpg,True
../dataset_generation/kaggle_dataset/0/234.jpg,True
../dataset_generation/kaggle_dataset/0/552.jpg,True
../dataset_generation/kaggle_dataset/0/585.jpg,True
../dataset_generation/kaggle_dataset/0/368.jpg,True
../dataset_generation/kaggle_dataset/0/397.jpg,True
../dataset_generation/kaggle_dataset/0/156.jpg,True
../dataset_generation/kaggle_dataset/0/142.jpg,True
../dataset_generation/kaggle_dataset/0/195.jpg,True
../dataset_generation/kaggle_dataset/0/197.jpg,True
../dataset_generation/kaggle_dataset/0/183.jpg,True
../dataset_generation/kaggle_dataset/0/154.jpg,True
../dataset_generation/kaggle_dataset/0/140.jpg,True
../dataset_generation/kaggle_dataset/0/418.jpg,True
../dataset_generation/kaggle_dataset/0/356.jpg,True
../dataset_generation/kaggle_dataset/0/430.jpg,True
../dataset_generation/kaggle_dataset/0/342.jpg,True
../dataset_generation/kaggle_dataset/0/587.jpg,True
../dataset_generation/kaggle_dataset/0/222.jpg,True
../dataset_generation/kaggle_dataset/0/544.jpg,True
../dataset_generation/kaggle_dataset/0/236.jpg,True
../dataset_generation/kaggle_dataset/0/008.jpg,True
../dataset_generation/kaggle_dataset/0/020.jpg,True
../dataset_generation/kaggle_dataset/0/034.jpg,True
../dataset_generation/kaggle_dataset/0/035.jpg,True
../dataset_generation/kaggle_dataset/0/021.jpg,True
../dataset_generation/kaggle_dataset/0/009.jpg,True
../dataset_generation/kaggle_dataset/0/551.jpg,True
../dataset_generation/kaggle_dataset/0/237.jpg,True
../dataset_generation/kaggle_dataset/0/223.jpg,True
../dataset_generation/kaggle_dataset/0/579.jpg,True
../dataset_generation/kaggle_dataset/0/425.jpg,True
../dataset_generation/kaggle_dataset/0/343.jpg,True
../dataset_generation/kaggle_dataset/0/357.jpg,True
../dataset_generation/kaggle_dataset/0/431.jpg,True
../dataset_generation/kaggle_dataset/0/380.jpg,True
../dataset_generation/kaggle_dataset/0/394.jpg,True
../dataset_generation/kaggle_dataset/0/141.jpg,True
../dataset_generation/kaggle_dataset/0/633.jpg,True
../dataset_generation/kaggle_dataset/0/155.jpg,True
../dataset_generation/kaggle_dataset/0/169.jpg,True
../dataset_generation/kaggle_dataset/0/196.jpg,True
../dataset_generation/kaggle_dataset/0/192.jpg,True
../dataset_generation/kaggle_dataset/0/186.jpg,True
../dataset_generation/kaggle_dataset/0/151.jpg,True
../dataset_generation/kaggle_dataset/0/637.jpg,True
../dataset_generation/kaggle_dataset/0/145.jpg,True
../dataset_generation/kaggle_dataset/0/179.jpg,True
../dataset_generation/kaggle_dataset/0/384.jpg,True
../dataset_generation/kaggle_dataset/0/435.jpg,True
../dataset_generation/kaggle_dataset/0/347.jpg,True
../dataset_generation/kaggle_dataset/0/421.jpg,True
../dataset_generation/kaggle_dataset/0/409.jpg,True
../dataset_generation/kaggle_dataset/0/596.jpg,True
../dataset_generation/kaggle_dataset/0/541.jpg,True
../dataset_generation/kaggle_dataset/0/227.jpg,True
../dataset_generation/kaggle_dataset/0/555.jpg,True
../dataset_generation/kaggle_dataset/0/569.jpg,True
../dataset_generation/kaggle_dataset/0/025.jpg,True
../dataset_generation/kaggle_dataset/0/031.jpg,True
../dataset_generation/kaggle_dataset/0/019.jpg,True
../dataset_generation/kaggle_dataset/0/018.jpg,True
../dataset_generation/kaggle_dataset/0/030.jpg,True
../dataset_generation/kaggle_dataset/0/024.jpg,True
../dataset_generation/kaggle_dataset/0/568.jpg,True
../dataset_generation/kaggle_dataset/0/232.jpg,True
../dataset_generation/kaggle_dataset/0/554.jpg,True
../dataset_generation/kaggle_dataset/0/540.jpg,True
../dataset_generation/kaggle_dataset/0/226.jpg,True
../dataset_generation/kaggle_dataset/0/597.jpg,True
../dataset_generation/kaggle_dataset/0/583.jpg,True
../dataset_generation/kaggle_dataset/0/408.jpg,True
../dataset_generation/kaggle_dataset/0/346.jpg,True
../dataset_generation/kaggle_dataset/0/420.jpg,True
../dataset_generation/kaggle_dataset/0/434.jpg,True
../dataset_generation/kaggle_dataset/0/352.jpg,True
../dataset_generation/kaggle_dataset/0/391.jpg,True
../dataset_generation/kaggle_dataset/0/178.jpg,True
../dataset_generation/kaggle_dataset/0/144.jpg,True
../dataset_generation/kaggle_dataset/0/150.jpg,True
../dataset_generation/kaggle_dataset/0/187.jpg,True
../dataset_generation/kaggle_dataset/0/193.jpg,True
../dataset_generation/kaggle_dataset/0/185.jpg,True
../dataset_generation/kaggle_dataset/0/191.jpg,True
../dataset_generation/kaggle_dataset/0/146.jpg,True
../dataset_generation/kaggle_dataset/0/620.jpg,True
../dataset_generation/kaggle_dataset/0/152.jpg,True
../dataset_generation/kaggle_dataset/0/387.jpg,True
../dataset_generation/kaggle_dataset/0/393.jpg,True
../dataset_generation/kaggle_dataset/0/422.jpg,True
../dataset_generation/kaggle_dataset/0/344.jpg,True
../dataset_generation/kaggle_dataset/0/350.jpg,True
../dataset_generation/kaggle_dataset/0/436.jpg,True
../dataset_generation/kaggle_dataset/0/378.jpg,True
../dataset_generation/kaggle_dataset/0/581.jpg,True
../dataset_generation/kaggle_dataset/0/230.jpg,True
../dataset_generation/kaggle_dataset/0/224.jpg,True
../dataset_generation/kaggle_dataset/0/542.jpg,True
../dataset_generation/kaggle_dataset/0/218.jpg,True
../dataset_generation/kaggle_dataset/0/032.jpg,True
../dataset_generation/kaggle_dataset/0/026.jpg,True
../dataset_generation/kaggle_dataset/0/027.jpg,True
../dataset_generation/kaggle_dataset/0/033.jpg,True
../dataset_generation/kaggle_dataset/0/219.jpg,True
../dataset_generation/kaggle_dataset/0/543.jpg,True
../dataset_generation/kaggle_dataset/0/231.jpg,True
../dataset_generation/kaggle_dataset/0/594.jpg,True
../dataset_generation/kaggle_dataset/0/379.jpg,True
../dataset_generation/kaggle_dataset/0/351.jpg,True
../dataset_generation/kaggle_dataset/0/437.jpg,True
../dataset_generation/kaggle_dataset/0/423.jpg,True
../dataset_generation/kaggle_dataset/0/392.jpg,True
../dataset_generation/kaggle_dataset/0/635.jpg,True
../dataset_generation/kaggle_dataset/0/153.jpg,True
../dataset_generation/kaggle_dataset/0/147.jpg,True
../dataset_generation/kaggle_dataset/0/190.jpg,True
../dataset_generation/kaggle_dataset/0/184.jpg,True
../dataset_generation/kaggle_dataset/1/638.jpg,True
../dataset_generation/kaggle_dataset/1/604.jpg,True
../dataset_generation/kaggle_dataset/1/348.jpg,True
../dataset_generation/kaggle_dataset/1/228.jpg,True
../dataset_generation/kaggle_dataset/1/572.jpg,True
../dataset_generation/kaggle_dataset/1/229.jpg,True
../dataset_generation/kaggle_dataset/1/598.jpg,True
../dataset_generation/kaggle_dataset/1/407.jpg,True
../dataset_generation/kaggle_dataset/1/349.jpg,True
../dataset_generation/kaggle_dataset/1/605.jpg,True
../dataset_generation/kaggle_dataset/1/613.jpg,True
../dataset_generation/kaggle_dataset/1/439.jpg,True
../dataset_generation/kaggle_dataset/1/377.jpg,True
../dataset_generation/kaggle_dataset/1/571.jpg,True
../dataset_generation/kaggle_dataset/1/558.jpg,True
../dataset_generation/kaggle_dataset/1/362.jpg,True
../dataset_generation/kaggle_dataset/1/389.jpg,True
../dataset_generation/kaggle_dataset/1/160.jpg,True
../dataset_generation/kaggle_dataset/1/612.jpg,True
../dataset_generation/kaggle_dataset/1/158.jpg,True
../dataset_generation/kaggle_dataset/1/366.jpg,True
../dataset_generation/kaggle_dataset/1/560.jpg,True
../dataset_generation/kaggle_dataset/1/549.jpg,True
../dataset_generation/kaggle_dataset/1/213.jpg,True
../dataset_generation/kaggle_dataset/1/429.jpg,True
../dataset_generation/kaggle_dataset/1/398.jpg,True
../dataset_generation/kaggle_dataset/1/159.jpg,True
../dataset_generation/kaggle_dataset/1/165.jpg,True
../dataset_generation/kaggle_dataset/1/171.jpg,True
../dataset_generation/kaggle_dataset/1/617.jpg,True
../dataset_generation/kaggle_dataset/1/601.jpg,True
../dataset_generation/kaggle_dataset/1/615.jpg,True
../dataset_generation/kaggle_dataset/1/359.jpg,True
../dataset_generation/kaggle_dataset/1/588.jpg,True
../dataset_generation/kaggle_dataset/1/589.jpg,True
../dataset_generation/kaggle_dataset/1/402.jpg,True
../dataset_generation/kaggle_dataset/1/628.jpg,True
../dataset_generation/kaggle_dataset/1/600.jpg,True
../dataset_generation/kaggle_dataset/1/465.jpg,True
../dataset_generation/kaggle_dataset/1/317.jpg,True
../dataset_generation/kaggle_dataset/1/511.jpg,True
../dataset_generation/kaggle_dataset/1/277.jpg,True
../dataset_generation/kaggle_dataset/1/505.jpg,True
../dataset_generation/kaggle_dataset/1/289.jpg,True
../dataset_generation/kaggle_dataset/1/458.jpg,True
../dataset_generation/kaggle_dataset/1/116.jpg,True
../dataset_generation/kaggle_dataset/1/300.jpg,True
../dataset_generation/kaggle_dataset/1/506.jpg,True
../dataset_generation/kaggle_dataset/1/512.jpg,True
../dataset_generation/kaggle_dataset/1/076.jpg,True
../dataset_generation/kaggle_dataset/1/507.jpg,True
../dataset_generation/kaggle_dataset/1/301.jpg,True
../dataset_generation/kaggle_dataset/1/305.jpg,True
../dataset_generation/kaggle_dataset/1/072.jpg,True
../dataset_generation/kaggle_dataset/1/516.jpg,True
../dataset_generation/kaggle_dataset/1/270.jpg,True
../dataset_generation/kaggle_dataset/1/304.jpg,True
../dataset_generation/kaggle_dataset/1/648.jpg,True
../dataset_generation/kaggle_dataset/1/110.jpg,True
../dataset_generation/kaggle_dataset/1/138.jpg,True
../dataset_generation/kaggle_dataset/1/306.jpg,True
../dataset_generation/kaggle_dataset/1/474.jpg,True
../dataset_generation/kaggle_dataset/1/312.jpg,True
../dataset_generation/kaggle_dataset/1/514.jpg,True
../dataset_generation/kaggle_dataset/1/528.jpg,True
../dataset_generation/kaggle_dataset/1/273.jpg,True
../dataset_generation/kaggle_dataset/1/515.jpg,True
../dataset_generation/kaggle_dataset/1/646.jpg,True
../dataset_generation/kaggle_dataset/1/322.jpg,True
../dataset_generation/kaggle_dataset/1/336.jpg,True
../dataset_generation/kaggle_dataset/1/524.jpg,True
../dataset_generation/kaggle_dataset/1/097.jpg,True
../dataset_generation/kaggle_dataset/1/041.jpg,True
../dataset_generation/kaggle_dataset/1/069.jpg,True
../dataset_generation/kaggle_dataset/1/519.jpg,True
../dataset_generation/kaggle_dataset/1/294.jpg,True
../dataset_generation/kaggle_dataset/1/337.jpg,True
../dataset_generation/kaggle_dataset/1/486.jpg,True
../dataset_generation/kaggle_dataset/1/647.jpg,True
../dataset_generation/kaggle_dataset/1/645.jpg,True
../dataset_generation/kaggle_dataset/1/490.jpg,True
../dataset_generation/kaggle_dataset/1/269.jpg,True
../dataset_generation/kaggle_dataset/1/241.jpg,True
../dataset_generation/kaggle_dataset/1/533.jpg,True
../dataset_generation/kaggle_dataset/1/094.jpg,True
../dataset_generation/kaggle_dataset/1/532.jpg,True
../dataset_generation/kaggle_dataset/1/240.jpg,True
../dataset_generation/kaggle_dataset/1/283.jpg,True
../dataset_generation/kaggle_dataset/1/644.jpg,True
../dataset_generation/kaggle_dataset/1/650.jpg,True
../dataset_generation/kaggle_dataset/1/640.jpg,True
../dataset_generation/kaggle_dataset/1/330.jpg,True
../dataset_generation/kaggle_dataset/1/442.jpg,True
../dataset_generation/kaggle_dataset/1/293.jpg,True
../dataset_generation/kaggle_dataset/1/278.jpg,True
../dataset_generation/kaggle_dataset/1/245.jpg,True
../dataset_generation/kaggle_dataset/1/523.jpg,True
../dataset_generation/kaggle_dataset/1/286.jpg,True
../dataset_generation/kaggle_dataset/1/457.jpg,True
../dataset_generation/kaggle_dataset/1/480.jpg,True
../dataset_generation/kaggle_dataset/1/641.jpg,True
../dataset_generation/kaggle_dataset/1/496.jpg,True
../dataset_generation/kaggle_dataset/1/327.jpg,True
../dataset_generation/kaggle_dataset/1/441.jpg,True
../dataset_generation/kaggle_dataset/1/284.jpg,True
../dataset_generation/kaggle_dataset/1/247.jpg,True
../dataset_generation/kaggle_dataset/1/086.jpg,True
../dataset_generation/kaggle_dataset/1/050.jpg,True
../dataset_generation/kaggle_dataset/1/087.jpg,True
../dataset_generation/kaggle_dataset/1/093.jpg,True
../dataset_generation/kaggle_dataset/1/508.jpg,True
../dataset_generation/kaggle_dataset/1/246.jpg,True
../dataset_generation/kaggle_dataset/1/285.jpg,True
../dataset_generation/kaggle_dataset/1/468.jpg,True
../dataset_generation/kaggle_dataset/1/440.jpg,True
../dataset_generation/kaggle_dataset/1/180.jpg,True
../dataset_generation/kaggle_dataset/1/619.jpg,True
../dataset_generation/kaggle_dataset/1/631.jpg,True
../dataset_generation/kaggle_dataset/1/382.jpg,True
../dataset_generation/kaggle_dataset/1/433.jpg,True
../dataset_generation/kaggle_dataset/1/584.jpg,True
../dataset_generation/kaggle_dataset/1/037.jpg,True
../dataset_generation/kaggle_dataset/1/036.jpg,True
../dataset_generation/kaggle_dataset/1/208.jpg,True
../dataset_generation/kaggle_dataset/1/591.jpg,True
../dataset_generation/kaggle_dataset/1/432.jpg,True
../dataset_generation/kaggle_dataset/1/354.jpg,True
../dataset_generation/kaggle_dataset/1/340.jpg,True
../dataset_generation/kaggle_dataset/1/426.jpg,True
../dataset_generation/kaggle_dataset/1/383.jpg,True
../dataset_generation/kaggle_dataset/1/630.jpg,True
../dataset_generation/kaggle_dataset/1/624.jpg,True
../dataset_generation/kaggle_dataset/1/618.jpg,True
../dataset_generation/kaggle_dataset/1/181.jpg,True
../dataset_generation/kaggle_dataset/1/168.jpg,True
../dataset_generation/kaggle_dataset/1/632.jpg,True
../dataset_generation/kaggle_dataset/1/626.jpg,True
../dataset_generation/kaggle_dataset/1/395.jpg,True
../dataset_generation/kaggle_dataset/1/381.jpg,True
../dataset_generation/kaggle_dataset/1/424.jpg,True
../dataset_generation/kaggle_dataset/1/593.jpg,True
../dataset_generation/kaggle_dataset/1/578.jpg,True
../dataset_generation/kaggle_dataset/1/550.jpg,True
../dataset_generation/kaggle_dataset/1/545.jpg,True
../dataset_generation/kaggle_dataset/1/592.jpg,True
../dataset_generation/kaggle_dataset/1/586.jpg,True
../dataset_generation/kaggle_dataset/1/419.jpg,True
../dataset_generation/kaggle_dataset/1/627.jpg,True
../dataset_generation/kaggle_dataset/1/182.jpg,True
../dataset_generation/kaggle_dataset/1/623.jpg,True
../dataset_generation/kaggle_dataset/1/390.jpg,True
../dataset_generation/kaggle_dataset/1/353.jpg,True
../dataset_generation/kaggle_dataset/1/582.jpg,True
../dataset_generation/kaggle_dataset/1/233.jpg,True
../dataset_generation/kaggle_dataset/1/385.jpg,True
../dataset_generation/kaggle_dataset/1/622.jpg,True
../dataset_generation/kaggle_dataset/1/636.jpg,True
../dataset_generation/kaggle_dataset/1/634.jpg,True
../dataset_generation/kaggle_dataset/1/608.jpg,True
../dataset_generation/kaggle_dataset/1/595.jpg,True
../dataset_generation/kaggle_dataset/1/556.jpg,True
../dataset_generation/kaggle_dataset/1/225.jpg,True
../dataset_generation/kaggle_dataset/1/557.jpg,True
../dataset_generation/kaggle_dataset/1/580.jpg,True
../dataset_generation/kaggle_dataset/1/345.jpg,True
../dataset_generation/kaggle_dataset/1/386.jpg,True
../dataset_generation/kaggle_dataset/1/609.jpg,True
../dataset_generation/kaggle_dataset/1/621.jpg,True
